<?xml version="1.0" encoding="UTF-8"?>
<project default="generate" name="tinyos.generation">
    <property name="ECLIPSE_HOME" value="../../../../../../../eclipse-modeling-oxygen-3/eclipse"/>
    <property name="ECLIPSE_WORKSPACE" value="../../../../../../../eclipse-modeling-2019-09-R/Work_Spaces/eclipse-workspace20"/>

    <!-- The classpath with only the dependencies used by the project -->
    <path id="tinyos.generation.libraryclasspath">
        <pathelement location="${ECLIPSE_WORKSPACE}/tinyos.generation/bin"/>
        <pathelement location="${ECLIPSE_HOME}/plugins/org.eclipse.core.runtime_3.13.0.v20170207-1030.jar"/>
        <pathelement location="${ECLIPSE_HOME}/plugins/javax.inject_1.0.0.v20091030.jar"/>
        <pathelement location="${ECLIPSE_HOME}/plugins/org.eclipse.osgi_3.12.100.v20180210-1608.jar"/>
        <pathelement location="${ECLIPSE_HOME}/plugins/org.eclipse.osgi.compatibility.state_1.1.0.v20170516-1513.jar"/>
        <pathelement location="${ECLIPSE_HOME}/plugins/org.eclipse.equinox.common_3.9.0.v20170207-1454.jar"/>
        <pathelement location="${ECLIPSE_HOME}/plugins/org.eclipse.core.jobs_3.9.3.v20180115-1757.jar"/>
        <pathelement location="${ECLIPSE_HOME}/plugins/org.eclipse.equinox.registry_3.7.0.v20170222-1344.jar"/>
        <pathelement location="${ECLIPSE_HOME}/plugins/org.eclipse.equinox.preferences_3.7.0.v20170126-2132.jar"/>
        <pathelement location="${ECLIPSE_HOME}/plugins/org.eclipse.core.contenttype_3.6.0.v20170207-1037.jar"/>
        <pathelement location="${ECLIPSE_HOME}/plugins/org.eclipse.equinox.app_1.3.400.v20150715-1528.jar"/>
        <pathelement location="${ECLIPSE_HOME}/plugins/org.eclipse.emf.ecore_2.13.0.v20170609-0707.jar"/>
        <pathelement location="${ECLIPSE_HOME}/plugins/org.eclipse.emf.common_2.13.0.v20170609-0707.jar"/>
        <pathelement location="${ECLIPSE_HOME}/plugins/org.eclipse.emf.ecore.xmi_2.13.0.v20170609-0707.jar"/>
        <pathelement location="${ECLIPSE_HOME}/plugins/org.eclipse.ocl_3.6.200.v20170522-1736.jar"/>
        <pathelement location="${ECLIPSE_HOME}/plugins/lpg.runtime.java_2.0.17.v201004271640.jar"/>
        <pathelement location="${ECLIPSE_HOME}/plugins/org.eclipse.ocl.common_1.4.200.v20160613-1518.jar"/>
        <pathelement location="${ECLIPSE_HOME}/plugins/org.eclipse.ocl.ecore_3.6.200.v20170522-1736.jar"/>
        <pathelement location="${ECLIPSE_HOME}/plugins/org.eclipse.acceleo.common_3.7.2.201708211328.jar"/>
        <pathelement location="${ECLIPSE_HOME}/plugins/org.eclipse.acceleo.model_3.7.2.201708211328.jar"/>
        <pathelement location="${ECLIPSE_HOME}/plugins/org.eclipse.acceleo.profiler_3.7.2.201708211328.jar"/>
        <pathelement location="${ECLIPSE_HOME}/plugins/org.eclipse.acceleo.engine_3.7.2.201708211328.jar"/>
        <pathelement location="${ECLIPSE_HOME}/plugins/org.eclipse.emf.codegen.ecore_2.13.0.v20170609-0928.jar"/>
        <pathelement location="${ECLIPSE_HOME}/plugins/org.eclipse.emf.codegen_2.12.0.v20170609-0928.jar"/>
        <pathelement location="${ECLIPSE_HOME}/plugins/com.google.guava_21.0.0.v20170206-1425.jar"/>
        <pathelement location="${ECLIPSE_HOME}/plugins/org.eclipse.emf.edit_2.12.0.v20170609-0928.jar"/>
        <pathelement location="${ECLIPSE_HOME}/plugins/org.eclipse.emf.ecore.change_2.11.0.v20170609-0707.jar"/>
        <pathelement location="${ECLIPSE_HOME}/plugins/org.eclipse.core.resources_3.12.0.v20170417-1558.jar"/>
        <pathelement location="${ECLIPSE_HOME}/plugins/org.eclipse.emf.edit.ui_2.13.0.v20170609-0928.jar"/>
        <pathelement location="${ECLIPSE_HOME}/plugins/org.eclipse.ui.views_3.9.0.v20170226-1833.jar"/>
        <pathelement location="${ECLIPSE_HOME}/plugins/org.eclipse.ui.workbench_3.110.1.v20170704-1208.jar"/>
        <pathelement location="${ECLIPSE_HOME}/plugins/org.eclipse.e4.ui.workbench3_0.14.0.v20160630-0740.jar"/>
        <pathelement location="${ECLIPSE_HOME}/plugins/org.eclipse.emf.common.ui_2.12.0.v20170609-0928.jar"/>
        <pathelement location="${ECLIPSE_HOME}/plugins/org.eclipse.ui_3.109.0.v20170411-1742.jar"/>
        <pathelement location="${ECLIPSE_HOME}/plugins/org.eclipse.swt_3.106.3.v20180214-0345.jar"/>
        <pathelement location="${ECLIPSE_HOME}/plugins/org.eclipse.swt.win32.win32.x86_64_3.106.3.v20180214-0345.jar"/>
        <pathelement location="${ECLIPSE_HOME}/plugins/org.eclipse.jface_3.13.2.v20171022-1656.jar"/>
        <pathelement location="${ECLIPSE_HOME}/plugins/org.eclipse.core.commands_3.9.0.v20170530-1048.jar"/>
        <pathelement location="${ECLIPSE_HOME}/plugins/org.eclipse.ui.ide_3.13.1.v20170822-1526.jar"/>
    </path>

    <path id="tinyos.generation.classpath">
        <path refid="tinyos.generation.libraryclasspath"/>
    </path>

    <!-- The classpath with only the jars available in the plugin folder of Eclipse -->
    <path id="tinyos.generation.libraryclasspath.alljars">
        <pathelement location="../tinyos.generation/bin"/>
        <fileset dir="${ECLIPSE_HOME}/plugins/" includes="*.jar"/>
    </path>

    <path id="tinyos.generation.classpath.alljars">
        <path refid="tinyos.generation.libraryclasspath.alljars"/>
    </path>

    <!-- The default task with the jars used by this project -->
    <target name="generate">
        <java classname="tinyos.generation.main.Generate" classpathref="tinyos.generation.classpath">
            <arg value="${model}"/>
            <arg value="${target}"/>
        </java>
    </target>

    <!--
        In case of problem you can also try with all the jar available in your Eclipse
        Keep in mind that having two versions of the same jar can create problems
    -->
    <target name="generate.alljars">
        <java classname="tinyos.generation.main.Generate" classpathref="tinyos.generation.classpath">
            <arg value="${model}"/>
            <arg value="${target}"/>
        </java>
    </target>
</project>
